zipCode_unlock,week_number,total_trips_per_week
28001,1,1860
28001,2,2653
28001,3,2813
28001,4,3018
28001,5,3027
28001,6,3116
28001,7,3258
28001,8,2831
28001,9,2901
28001,10,2919
28001,11,2693
28001,12,2159
28001,13,2969
28001,14,3058
28001,15,2143
28001,16,2792
28001,17,3466
28001,18,3477
28001,19,6885
28001,20,3894
28001,21,4457
28001,22,4490
28001,23,4495
28001,24,4440
28001,25,4515
28001,26,4445
28001,27,4641
28001,28,4080
28001,29,4102
28001,30,3588
28001,31,2815
28001,32,2731
28001,33,1066
28001,34,3227
28001,35,3956
28001,36,4474
28001,37,4544
28001,38,4842
28001,39,4487
28001,40,4857
28001,41,3999
28001,42,3782
28001,43,4362
28001,44,3362
28001,45,3306
28001,46,3114
28001,47,3225
28001,48,3333
28001,49,1565
28001,50,2115
28001,51,2768
28001,52,2353
28002,1,700
28002,2,1317
28002,3,1194
28002,4,1258
28002,5,1338
28002,6,1411
28002,7,1484
28002,8,1406
28002,9,1362
28002,10,1323
28002,11,1281
28002,12,1057
28002,13,1414
28002,14,1384
28002,15,887
28002,16,1162
28002,17,1517
28002,18,1597
28002,19,3110
28002,20,2056
28002,21,1920
28002,22,1861
28002,23,1993
28002,24,1983
28002,25,2022
28002,26,1954
28002,27,2189
28002,28,1743
28002,29,1674
28002,30,1495
28002,31,1238
28002,32,1093
28002,33,444
28002,34,1501
28002,35,1963
28002,36,2000
28002,37,2068
28002,38,2193
28002,39,2113
28002,40,2368
28002,41,1967
28002,42,1677
28002,43,2436
28002,44,1865
28002,45,1666
28002,46,1453
28002,47,1396
28002,48,1676
28002,49,808
28002,50,1029
28002,51,1344
28002,52,1039
28003,1,1620
28003,2,2850
28003,3,2911
28003,4,3044
28003,5,3088
28003,6,3354
28003,7,3397
28003,8,3068
28003,9,3117
28003,10,2924
28003,11,2790
28003,12,2455
28003,13,3318
28003,14,3318
28003,15,1940
28003,16,2978
28003,17,3195
28003,18,3568
28003,19,7361
28003,20,4067
28003,21,4381
28003,22,4476
28003,23,4803
28003,24,4608
28003,25,4483
28003,26,4504
28003,27,4754
28003,28,4418
28003,29,3999
28003,30,3545
28003,31,2899
28003,32,2693
28003,33,1045
28003,34,3026
28003,35,4219
28003,36,4582
28003,37,4850
28003,38,5294
28003,39,4747
28003,40,5120
28003,41,4477
28003,42,4184
28003,43,4812
28003,44,4068
28003,45,3922
28003,46,3790
28003,47,3843
28003,48,4014
28003,49,1972
28003,50,2583
28003,51,2686
28003,52,2227
28004,1,2433
28004,2,4066
28004,3,4374
28004,4,4336
28004,5,4617
28004,6,4780
28004,7,4957
28004,8,4540
28004,9,4359
28004,10,4340
28004,11,4266
28004,12,3694
28004,13,4903
28004,14,4913
28004,15,3511
28004,16,4205
28004,17,5021
28004,18,5611
28004,19,10703
28004,20,6452
28004,21,6561
28004,22,6559
28004,23,6765
28004,24,6693
28004,25,6392
28004,26,6395
28004,27,6144
28004,28,6000
28004,29,5979
28004,30,5373
28004,31,4634
28004,32,4610
28004,33,1793
28004,34,4921
28004,35,6395
28004,36,6003
28004,37,6885
28004,38,7142
28004,39,6641
28004,40,7404
28004,41,6559
28004,42,5645
28004,43,6865
28004,44,6052
28004,45,5798
28004,46,5450
28004,47,5731
28004,48,5417
28004,49,3065
28004,50,3779
28004,51,4216
28004,52,3921
28005,1,3080
28005,2,4893
28005,3,4718
28005,4,4876
28005,5,5282
28005,6,5519
28005,7,5607
28005,8,4997
28005,9,4905
28005,10,4691
28005,11,4374
28005,12,3836
28005,13,5334
28005,14,5710
28005,15,4178
28005,16,4935
28005,17,5358
28005,18,6157
28005,19,13297
28005,20,7366
28005,21,6937
28005,22,6998
28005,23,7348
28005,24,7411
28005,25,7207
28005,26,7458
28005,27,7434
28005,28,6565
28005,29,5940
28005,30,5662
28005,31,5338
28005,32,4656
28005,33,2037
28005,34,5387
28005,35,6899
28005,36,7299
28005,37,7350
28005,38,8115
28005,39,7981
28005,40,8099
28005,41,7347
28005,42,6710
28005,43,7296
28005,44,6197
28005,45,6388
28005,46,5906
28005,47,6100
28005,48,6681
28005,49,3448
28005,50,3825
28005,51,4641
28005,52,4416
28006,1,1063
28006,2,1938
28006,3,1938
28006,4,2050
28006,5,2084
28006,6,2147
28006,7,2183
28006,8,2103
28006,9,2092
28006,10,2170
28006,11,1982
28006,12,1618
28006,13,2359
28006,14,2411
28006,15,1407
28006,16,1830
28006,17,2161
28006,18,2139
28006,19,4661
28006,20,2575
28006,21,2866
28006,22,2794
28006,23,2803
28006,24,2757
28006,25,2829
28006,26,2633
28006,27,2709
28006,28,2467
28006,29,2166
28006,30,2006
28006,31,1941
28006,32,1787
28006,33,684
28006,34,2107
28006,35,2837
28006,36,3160
28006,37,3194
28006,38,3771
28006,39,3443
28006,40,3460
28006,41,2827
28006,42,2659
28006,43,3014
28006,44,2450
28006,45,2589
28006,46,2454
28006,47,2651
28006,48,2864
28006,49,1112
28006,50,1742
28006,51,2122
28006,52,1519
28007,1,2159
28007,2,3557
28007,3,3369
28007,4,3307
28007,5,3580
28007,6,3870
28007,7,3981
28007,8,3581
28007,9,3338
28007,10,3369
28007,11,3318
28007,12,2691
28007,13,3719
28007,14,3914
28007,15,2577
28007,16,3216
28007,17,3808
28007,18,4184
28007,19,8447
28007,20,4657
28007,21,5004
28007,22,4879
28007,23,4972
28007,24,4778
28007,25,4979
28007,26,4909
28007,27,4510
28007,28,4187
28007,29,4269
28007,30,3988
28007,31,3559
28007,32,3368
28007,33,1414
28007,34,3326
28007,35,4628
28007,36,4737
28007,37,4764
28007,38,5635
28007,39,4870
28007,40,5301
28007,41,4797
28007,42,4769
28007,43,4915
28007,44,3962
28007,45,4342
28007,46,4077
28007,47,4251
28007,48,4504
28007,49,2208
28007,50,2778
28007,51,3639
28007,52,3126
28008,1,995
28008,2,1666
28008,3,1617
28008,4,1779
28008,5,1858
28008,6,1911
28008,7,1977
28008,8,1780
28008,9,1703
28008,10,1743
28008,11,1629
28008,12,1321
28008,13,1783
28008,14,1839
28008,15,1647
28008,16,1617
28008,17,2016
28008,18,2483
28008,19,5091
28008,20,2940
28008,21,2832
28008,22,3020
28008,23,3350
28008,24,3223
28008,25,3062
28008,26,3142
28008,27,2686
28008,28,2684
28008,29,2703
28008,30,2486
28008,31,2051
28008,32,1944
28008,33,843
28008,34,2145
28008,35,2820
28008,36,3118
28008,37,3694
28008,38,3775
28008,39,3295
28008,40,3318
28008,41,2962
28008,42,2445
28008,43,3163
28008,44,2537
28008,45,2549
28008,46,2270
28008,47,2272
28008,48,2195
28008,49,1051
28008,50,1516
28008,51,1845
28008,52,1824
28009,1,2579
28009,2,4023
28009,3,4047
28009,4,4122
28009,5,4099
28009,6,4243
28009,7,4351
28009,8,4085
28009,9,3975
28009,10,3887
28009,11,3552
28009,12,3012
28009,13,4419
28009,14,4499
28009,15,2909
28009,16,3745
28009,17,4320
28009,18,4727
28009,19,9420
28009,20,5280
28009,21,6055
28009,22,6131
28009,23,6103
28009,24,5437
28009,25,5702
28009,26,5668
28009,27,5945
28009,28,5657
28009,29,5483
28009,30,4624
28009,31,3950
28009,32,3638
28009,33,1405
28009,34,3924
28009,35,5525
28009,36,5791
28009,37,6110
28009,38,6401
28009,39,6005
28009,40,6525
28009,41,5825
28009,42,5335
28009,43,6046
28009,44,5003
28009,45,4864
28009,46,4713
28009,47,4762
28009,48,4904
28009,49,2347
28009,50,3058
28009,51,4081
28009,52,3580
28010,1,914
28010,2,1768
28010,3,1696
28010,4,1840
28010,5,1952
28010,6,2099
28010,7,2250
28010,8,1953
28010,9,1973
28010,10,1779
28010,11,1746
28010,12,1484
28010,13,2044
28010,14,2089
28010,15,1255
28010,16,1848
28010,17,2116
28010,18,2340
28010,19,4645
28010,20,2669
28010,21,3014
28010,22,3109
28010,23,3152
28010,24,3045
28010,25,3052
28010,26,3284
28010,27,3130
28010,28,2853
28010,29,2555
28010,30,2370
28010,31,1924
28010,32,1628
28010,33,710
28010,34,2181
28010,35,2753
28010,36,2948
28010,37,2972
28010,38,3504
28010,39,3062
28010,40,3411
28010,41,2849
28010,42,2737
28010,43,3184
28010,44,2471
28010,45,2564
28010,46,2332
28010,47,2324
28010,48,2321
28010,49,1128
28010,50,1752
28010,51,1969
28010,52,1520
28011,1,373
28011,2,683
28011,3,706
28011,4,739
28011,5,814
28011,6,744
28011,7,725
28011,8,659
28011,9,733
28011,10,690
28011,11,629
28011,12,602
28011,13,821
28011,14,886
28011,15,754
28011,16,756
28011,17,896
28011,18,1033
28011,19,2054
28011,20,1255
28011,21,1228
28011,22,1127
28011,23,1226
28011,24,1134
28011,25,1141
28011,26,1216
28011,27,1189
28011,28,1080
28011,29,1122
28011,30,930
28011,31,922
28011,32,876
28011,33,358
28011,34,1028
28011,35,1154
28011,36,1252
28011,37,1347
28011,38,1324
28011,39,1190
28011,40,1150
28011,41,1214
28011,42,923
28011,43,1098
28011,44,935
28011,45,1077
28011,46,894
28011,47,862
28011,48,805
28011,49,506
28011,50,640
28011,51,678
28011,52,676
28012,1,2708
28012,2,4428
28012,3,4531
28012,4,4926
28012,5,5236
28012,6,5319
28012,7,5397
28012,8,5090
28012,9,4903
28012,10,5005
28012,11,4600
28012,12,3946
28012,13,5577
28012,14,5522
28012,15,3907
28012,16,4660
28012,17,5494
28012,18,6284
28012,19,11608
28012,20,7179
28012,21,7086
28012,22,7652
28012,23,7869
28012,24,7754
28012,25,7355
28012,26,7349
28012,27,7334
28012,28,6881
28012,29,6555
28012,30,6014
28012,31,5770
28012,32,5247
28012,33,2339
28012,34,5753
28012,35,7433
28012,36,7327
28012,37,7711
28012,38,8524
28012,39,7926
28012,40,8094
28012,41,7149
28012,42,6555
28012,43,7664
28012,44,6189
28012,45,6316
28012,46,5843
28012,47,5850
28012,48,6085
28012,49,3536
28012,50,4050
28012,51,4417
28012,52,4429
28013,1,1395
28013,2,2111
28013,3,2165
28013,4,2198
28013,5,2426
28013,6,2499
28013,7,2415
28013,8,2365
28013,9,2212
28013,10,2173
28013,11,2305
28013,12,1887
28013,13,2741
28013,14,2764
28013,15,2270
28013,16,2464
28013,17,2948
28013,18,3622
28013,19,6971
28013,20,4160
28013,21,3740
28013,22,3681
28013,23,3797
28013,24,3874
28013,25,3969
28013,26,4078
28013,27,3522
28013,28,3613
28013,29,3392
28013,30,3171
28013,31,2689
28013,32,2811
28013,33,1234
28013,34,3062
28013,35,3928
28013,36,4055
28013,37,4121
28013,38,4047
28013,39,3931
28013,40,4310
28013,41,4068
28013,42,3428
28013,43,4115
28013,44,3731
28013,45,3317
28013,46,3237
28013,47,3070
28013,48,3110
28013,49,1899
28013,50,1985
28013,51,2431
28013,52,2325
28014,1,1179
28014,2,1732
28014,3,1789
28014,4,1978
28014,5,2058
28014,6,2142
28014,7,2284
28014,8,2153
28014,9,1904
28014,10,2045
28014,11,1819
28014,12,1533
28014,13,2246
28014,14,2281
28014,15,1780
28014,16,1929
28014,17,2249
28014,18,2608
28014,19,5184
28014,20,2866
28014,21,3227
28014,22,3062
28014,23,3371
28014,24,3103
28014,25,3091
28014,26,2779
28014,27,3248
28014,28,2711
28014,29,2600
28014,30,2261
28014,31,1933
28014,32,2005
28014,33,865
28014,34,2273
28014,35,2931
28014,36,2920
28014,37,3082
28014,38,3792
28014,39,3422
28014,40,3499
28014,41,2975
28014,42,2713
28014,43,3244
28014,44,2605
28014,45,2626
28014,46,2485
28014,47,2327
28014,48,2611
28014,49,1193
28014,50,1472
28014,51,1861
28014,52,1685
28015,1,2181
28015,2,3968
28015,3,4120
28015,4,4036
28015,5,4380
28015,6,4609
28015,7,4553
28015,8,4266
28015,9,3955
28015,10,3977
28015,11,3673
28015,12,3163
28015,13,4505
28015,14,4587
28015,15,2878
28015,16,3888
28015,17,4355
28015,18,4895
28015,19,9453
28015,20,5688
28015,21,5806
28015,22,5725
28015,23,6120
28015,24,6004
28015,25,5716
28015,26,5869
28015,27,6171
28015,28,5486
28015,29,4979
28015,30,4511
28015,31,3931
28015,32,3540
28015,33,1508
28015,34,3930
28015,35,5454
28015,36,5958
28015,37,6629
28015,38,7054
28015,39,6363
28015,40,6427
28015,41,5794
28015,42,5182
28015,43,5834
28015,44,4822
28015,45,5058
28015,46,4649
28015,47,4516
28015,48,4611
28015,49,2268
28015,50,3080
28015,51,3983
28015,52,2983
28016,1,430
28016,2,874
28016,3,824
28016,4,792
28016,5,850
28016,6,886
28016,7,884
28016,8,823
28016,9,795
28016,10,809
28016,11,763
28016,12,664
28016,13,900
28016,14,954
28016,15,472
28016,16,741
28016,17,929
28016,18,913
28016,19,1962
28016,20,1199
28016,21,1188
28016,22,1197
28016,23,1338
28016,24,1220
28016,25,1174
28016,26,1223
28016,27,1190
28016,28,1046
28016,29,1068
28016,30,839
28016,31,679
28016,32,552
28016,33,259
28016,34,711
28016,35,980
28016,36,1204
28016,37,1305
28016,38,1304
28016,39,1295
28016,40,1259
28016,41,1055
28016,42,1082
28016,43,1184
28016,44,848
28016,45,971
28016,46,900
28016,47,822
28016,48,887
28016,49,369
28016,50,487
28016,51,780
28016,52,591
28017,1,172
28017,2,312
28017,3,281
28017,4,300
28017,5,311
28017,6,337
28017,7,325
28017,8,330
28017,9,256
28017,10,262
28017,11,275
28017,12,209
28017,13,285
28017,14,291
28017,15,219
28017,16,242
28017,17,327
28017,18,353
28017,19,744
28017,20,384
28017,21,384
28017,22,464
28017,23,486
28017,24,414
28017,25,433
28017,26,434
28017,27,467
28017,28,396
28017,29,340
28017,30,348
28017,31,315
28017,32,316
28017,33,134
28017,34,306
28017,35,481
28017,36,391
28017,37,391
28017,38,445
28017,39,435
28017,40,406
28017,41,335
28017,42,348
28017,43,433
28017,44,409
28017,45,352
28017,46,348
28017,47,393
28017,48,423
28017,49,154
28017,50,252
28017,51,294
28017,52,280
28018,1,1
28018,2,3
28018,3,2
28018,4,6
28018,5,6
28018,7,2
28018,8,2
28018,10,2
28018,13,2
28018,14,3
28018,15,1
28018,16,2
28018,17,3
28018,18,3
28018,19,6
28018,20,5
28018,21,2
28018,22,1
28018,23,5
28018,24,7
28018,25,5
28018,26,3
28018,28,10
28018,29,4
28018,30,1
28018,31,2
28018,32,2
28018,34,1
28018,35,1
28018,36,2
28018,37,2
28018,38,2
28018,39,1
28018,41,3
28018,42,3
28018,43,3
28018,44,3
28018,47,2
28018,48,1
28018,49,3
28018,52,2
28019,1,436
28019,2,730
28019,3,719
28019,4,751
28019,5,779
28019,6,806
28019,7,893
28019,8,747
28019,9,794
28019,10,755
28019,11,718
28019,12,586
28019,13,879
28019,14,943
28019,15,712
28019,16,830
28019,17,952
28019,18,1115
28019,19,2683
28019,20,1427
28019,21,1206
28019,22,1314
28019,23,1451
28019,24,1367
28019,25,1312
28019,26,1464
28019,27,1277
28019,28,1097
28019,29,1237
28019,30,1082
28019,31,937
28019,32,1007
28019,33,424
28019,34,1108
28019,35,1334
28019,36,1349
28019,37,1268
28019,38,1473
28019,39,1371
28019,40,1425
28019,41,1299
28019,42,1185
28019,43,1451
28019,44,1204
28019,45,1200
28019,46,1032
28019,47,909
28019,48,955
28019,49,599
28019,50,649
28019,51,743
28019,52,673
28020,1,962
28020,2,1783
28020,3,1848
28020,4,1675
28020,5,1857
28020,6,1997
28020,7,1988
28020,8,1832
28020,9,1784
28020,10,1826
28020,11,1695
28020,12,1364
28020,13,1948
28020,14,1750
28020,15,1195
28020,16,1571
28020,17,1576
28020,18,1767
28020,19,3646
28020,20,1928
28020,21,2262
28020,22,2017
28020,23,2101
28020,24,2063
28020,25,2087
28020,26,2215
28020,27,2336
28020,28,2025
28020,29,1884
28020,30,1799
28020,31,1468
28020,32,1286
28020,33,515
28020,34,1808
28020,35,2124
28020,36,1991
28020,37,2118
28020,38,2509
28020,39,2174
28020,40,2159
28020,41,1981
28020,42,2017
28020,43,2300
28020,44,1684
28020,45,1704
28020,46,1763
28020,47,1594
28020,48,1961
28020,49,775
28020,50,1189
28020,51,1530
28020,52,1058
28022,1,4
28022,2,1
28022,4,4
28022,5,2
28022,6,1
28022,7,2
28022,11,1
28022,12,2
28022,13,3
28022,15,4
28022,18,5
28022,19,3
28022,20,3
28022,21,1
28022,22,3
28022,23,2
28022,24,3
28022,25,2
28022,26,2
28022,27,1
28022,28,2
28022,29,5
28022,30,1
28022,32,3
28022,34,1
28022,35,1
28022,36,3
28022,37,2
28022,38,5
28022,39,5
28022,40,5
28022,41,1
28022,46,1
28022,47,1
28022,51,1
28024,1,3
28024,21,1
28024,22,1
28024,23,1
28024,27,4
28024,28,1
28024,32,1
28024,34,1
28025,2,1
28025,3,3
28025,7,1
28025,8,7
28025,9,5
28025,10,1
28025,11,1
28025,14,1
28025,18,2
28025,19,1
28025,20,1
28025,21,1
28025,22,6
28025,23,4
28025,25,4
28025,26,3
28025,27,1
28025,28,9
28025,29,5
28025,30,1
28025,31,5
28025,32,2
28025,33,2
28025,34,4
28025,36,1
28025,38,1
28025,39,3
28025,40,2
28025,41,2
28025,43,1
28025,44,5
28025,45,1
28025,46,1
28025,47,1
28025,49,2
28025,52,1
28026,1,292
28026,2,387
28026,3,460
28026,4,526
28026,5,488
28026,6,516
28026,7,526
28026,8,473
28026,9,471
28026,10,477
28026,11,465
28026,12,337
28026,13,538
28026,14,544
28026,15,503
28026,16,510
28026,17,623
28026,18,633
28026,19,1392
28026,20,726
28026,21,800
28026,22,753
28026,23,806
28026,24,806
28026,25,865
28026,26,795
28026,27,895
28026,28,759
28026,29,717
28026,30,711
28026,31,623
28026,32,629
28026,33,315
28026,34,679
28026,35,825
28026,36,744
28026,37,886
28026,38,942
28026,39,855
28026,40,825
28026,41,803
28026,42,715
28026,43,825
28026,44,706
28026,45,670
28026,46,678
28026,47,567
28026,48,604
28026,49,340
28026,50,450
28026,51,515
28026,52,618
28027,1,393
28027,2,588
28027,3,545
28027,4,630
28027,5,599
28027,6,696
28027,7,721
28027,8,548
28027,9,578
28027,10,518
28027,11,509
28027,12,370
28027,13,703
28027,14,638
28027,15,437
28027,16,523
28027,17,599
28027,18,691
28027,19,1378
28027,20,761
28027,21,852
28027,22,853
28027,23,787
28027,24,777
28027,25,770
28027,26,728
28027,27,779
28027,28,713
28027,29,685
28027,30,618
28027,31,572
28027,32,576
28027,33,238
28027,34,704
28027,35,807
28027,36,916
28027,37,837
28027,38,901
28027,39,924
28027,40,997
28027,41,788
28027,42,826
28027,43,918
28027,44,693
28027,45,670
28027,46,581
28027,47,666
28027,48,908
28027,49,276
28027,50,421
28027,51,611
28027,52,601
28028,1,1316
28028,2,2478
28028,3,2406
28028,4,2350
28028,5,2478
28028,6,2664
28028,7,2699
28028,8,2522
28028,9,2445
28028,10,2499
28028,11,2284
28028,12,1859
28028,13,2707
28028,14,2672
28028,15,1866
28028,16,2410
28028,17,2667
28028,18,2935
28028,19,5992
28028,20,3523
28028,21,3582
28028,22,3702
28028,23,3842
28028,24,3580
28028,25,3578
28028,26,3636
28028,27,3816
28028,28,3447
28028,29,3244
28028,30,2758
28028,31,2580
28028,32,2591
28028,33,1007
28028,34,2814
28028,35,3726
28028,36,3820
28028,37,3949
28028,38,3940
28028,39,3775
28028,40,4168
28028,41,3862
28028,42,3614
28028,43,4471
28028,44,3274
28028,45,3100
28028,46,3149
28028,47,2631
28028,48,2675
28028,49,1384
28028,50,1887
28028,51,2260
28028,52,1860
28029,1,39
28029,2,104
28029,3,127
28029,4,133
28029,5,181
28029,6,156
28029,7,121
28029,8,103
28029,9,121
28029,10,124
28029,11,110
28029,12,93
28029,13,155
28029,14,134
28029,15,71
28029,16,100
28029,17,137
28029,18,129
28029,19,246
28029,20,168
28029,21,147
28029,22,138
28029,23,156
28029,24,184
28029,25,200
28029,26,168
28029,27,182
28029,28,160
28029,29,156
28029,30,128
28029,31,35
28029,32,98
28029,33,33
28029,34,137
28029,35,143
28029,36,174
28029,37,193
28029,38,201
28029,39,216
28029,40,228
28029,41,157
28029,42,161
28029,43,175
28029,44,173
28029,45,196
28029,46,151
28029,47,158
28029,48,247
28029,49,77
28029,50,88
28029,51,91
28029,52,77
28030,1,304
28030,2,429
28030,3,473
28030,4,471
28030,5,568
28030,6,546
28030,7,544
28030,8,528
28030,9,484
28030,10,483
28030,11,465
28030,12,350
28030,13,626
28030,14,614
28030,15,446
28030,16,457
28030,17,535
28030,18,626
28030,19,1294
28030,20,720
28030,21,791
28030,22,851
28030,23,805
28030,24,737
28030,25,743
28030,26,755
28030,27,739
28030,28,705
28030,29,676
28030,30,609
28030,31,559
28030,32,470
28030,33,187
28030,34,532
28030,35,689
28030,36,750
28030,37,690
28030,38,856
28030,39,748
28030,40,826
28030,41,741
28030,42,562
28030,43,670
28030,44,655
28030,45,588
28030,46,561
28030,47,426
28030,48,554
28030,49,260
28030,50,286
28030,51,462
28030,52,472
28031,4,1
28031,7,1
28031,15,1
28031,19,1
28031,20,4
28031,21,3
28031,22,2
28031,23,1
28031,24,2
28031,25,1
28031,26,2
28031,27,2
28031,28,4
28031,29,1
28031,31,2
28031,33,1
28031,35,1
28031,36,3
28031,37,1
28031,38,1
28031,41,2
28031,43,2
28031,44,1
28031,45,3
28032,6,2
28032,8,1
28032,14,1
28032,16,1
28032,19,5
28032,20,4
28032,21,4
28032,22,8
28032,23,7
28032,26,1
28032,27,1
28032,28,2
28032,29,2
28032,32,1
28032,33,3
28032,34,5
28032,35,3
28032,38,4
28032,39,1
28032,44,1
28032,45,1
28032,46,2
28032,47,1
28033,1,1
28033,2,3
28033,3,4
28033,4,11
28033,5,10
28033,6,8
28033,7,6
28033,8,3
28033,9,6
28033,10,9
28033,11,7
28033,12,2
28033,13,5
28033,14,5
28033,15,6
28033,16,6
28033,17,11
28033,18,9
28033,19,8
28033,20,4
28033,21,5
28033,22,11
28033,23,10
28033,24,8
28033,25,10
28033,26,14
28033,27,13
28033,28,15
28033,29,12
28033,30,10
28033,31,13
28033,32,14
28033,33,3
28033,34,15
28033,35,15
28033,36,11
28033,37,3
28033,38,8
28033,39,7
28033,40,10
28033,41,10
28033,42,4
28033,43,10
28033,44,9
28033,45,3
28033,46,6
28033,47,6
28033,48,3
28033,50,2
28033,51,6
28033,52,4
28034,3,2
28034,4,1
28034,6,2
28034,9,1
28034,10,4
28034,11,9
28034,12,2
28034,13,2
28034,14,5
28034,15,1
28034,16,2
28034,18,4
28034,20,12
28034,21,11
28034,22,7
28034,23,8
28034,24,13
28034,25,7
28034,26,4
28034,27,3
28034,28,2
28034,29,2
28034,30,6
28034,31,6
28034,32,6
28034,33,1
28034,34,4
28034,35,5
28034,36,12
28034,37,16
28034,38,3
28034,39,10
28034,40,16
28034,41,9
28034,42,4
28034,43,10
28034,44,5
28034,45,1
28034,46,2
28034,47,2
28034,48,4
28034,49,1
28034,51,4
28034,52,3
28035,4,1
28035,5,2
28035,6,4
28035,7,6
28035,8,2
28035,9,4
28035,10,1
28035,11,1
28035,13,1
28035,14,3
28035,15,2
28035,16,1
28035,17,4
28035,18,1
28035,19,1
28035,20,2
28035,21,9
28035,22,8
28035,23,7
28035,24,11
28035,25,10
28035,26,2
28035,27,7
28035,28,5
28035,29,3
28035,30,6
28035,31,5
28035,32,3
28035,33,2
28035,34,3
28035,35,3
28035,36,2
28035,37,3
28035,38,2
28035,39,1
28035,40,4
28035,41,2
28035,42,4
28035,43,5
28035,44,8
28035,45,4
28035,46,2
28035,50,1
28035,51,3
28035,52,4
28036,1,3
28036,2,33
28036,3,33
28036,4,14
28036,5,25
28036,6,22
28036,7,11
28036,8,8
28036,9,13
28036,10,14
28036,11,16
28036,12,14
28036,13,9
28036,14,6
28036,15,8
28036,16,6
28036,17,10
28036,18,6
28036,19,6
28036,20,9
28036,21,12
28036,22,7
28036,23,7
28036,24,8
28036,25,7
28036,26,4
28036,27,7
28036,28,6
28036,29,12
28036,30,8
28036,31,5
28036,32,4
28036,33,1
28036,34,1
28036,35,2
28036,36,4
28036,37,4
28036,38,7
28036,39,7
28036,40,7
28036,41,6
28036,42,4
28036,43,14
28036,44,13
28036,45,8
28036,46,17
28036,47,11
28036,48,7
28036,49,10
28036,50,6
28036,51,7
28036,52,8
28037,2,4
28037,3,2
28037,4,2
28037,5,9
28037,6,4
28037,7,4
28037,8,6
28037,9,7
28037,10,10
28037,11,7
28037,12,3
28037,13,6
28037,14,12
28037,15,8
28037,16,8
28037,17,12
28037,18,10
28037,19,9
28037,20,11
28037,21,12
28037,22,24
28037,23,6
28037,24,10
28037,25,17
28037,26,10
28037,27,13
28037,28,10
28037,29,5
28037,30,1
28037,31,6
28037,32,3
28037,34,5
28037,35,4
28037,36,9
28037,37,5
28037,38,11
28037,39,8
28037,40,12
28037,41,5
28037,42,14
28037,43,9
28037,44,6
28037,45,6
28037,46,4
28037,47,5
28037,48,4
28037,49,3
28037,50,3
28037,51,2
28037,52,2
28038,1,71
28038,2,93
28038,3,88
28038,4,77
28038,5,123
28038,6,87
28038,7,131
28038,8,87
28038,9,89
28038,10,55
28038,11,68
28038,12,46
28038,13,87
28038,14,95
28038,15,100
28038,16,91
28038,17,107
28038,18,127
28038,19,299
28038,20,155
28038,21,166
28038,22,158
28038,23,136
28038,24,149
28038,25,155
28038,26,177
28038,27,165
28038,28,130
28038,29,138
28038,30,116
28038,31,101
28038,32,94
28038,33,47
28038,34,101
28038,35,178
28038,36,172
28038,37,118
28038,38,32
28038,39,5
28038,40,2
28038,41,3
28038,42,4
28038,43,52
28038,44,101
28038,45,100
28038,46,101
28038,47,78
28038,48,96
28038,49,62
28038,50,70
28038,51,142
28038,52,98
28039,1,775
28039,2,1367
28039,3,1332
28039,4,1367
28039,5,1418
28039,6,1490
28039,7,1527
28039,8,1403
28039,9,1310
28039,10,1312
28039,11,1265
28039,12,1119
28039,13,1478
28039,14,1559
28039,15,1025
28039,16,1347
28039,17,1600
28039,18,1824
28039,19,3605
28039,20,2087
28039,21,1946
28039,22,2124
28039,23,2148
28039,24,2195
28039,25,2253
28039,26,2317
28039,27,2219
28039,28,1902
28039,29,1826
28039,30,1736
28039,31,1475
28039,32,1388
28039,33,649
28039,34,1534
28039,35,1835
28039,36,1895
28039,37,1920
28039,38,2262
28039,39,2014
28039,40,2237
28039,41,1904
28039,42,1743
28039,43,2061
28039,44,1810
28039,45,1848
28039,46,1574
28039,47,1397
28039,48,1517
28039,49,944
28039,50,961
28039,51,1126
28039,52,939
28040,1,166
28040,2,615
28040,3,648
28040,4,609
28040,5,697
28040,6,880
28040,7,957
28040,8,790
28040,9,752
28040,10,764
28040,11,692
28040,12,538
28040,13,801
28040,14,772
28040,15,228
28040,16,704
28040,17,861
28040,18,966
28040,19,1865
28040,20,1001
28040,21,999
28040,22,937
28040,23,1144
28040,24,1102
28040,25,1223
28040,26,1190
28040,27,1072
28040,28,877
28040,29,869
28040,30,738
28040,31,511
28040,32,443
28040,33,168
28040,34,542
28040,35,753
28040,36,1076
28040,37,1352
28040,38,1498
28040,39,1243
28040,40,1398
28040,41,1045
28040,42,1148
28040,43,1218
28040,44,896
28040,45,1057
28040,46,990
28040,47,928
28040,48,1020
28040,49,313
28040,50,462
28040,51,570
28040,52,323
28041,4,2
28041,6,2
28041,7,1
28041,9,1
28041,11,4
28041,12,3
28041,13,1
28041,14,1
28041,15,6
28041,16,4
28041,17,2
28041,18,2
28041,19,2
28041,22,4
28041,23,4
28041,24,7
28041,25,1
28041,26,4
28041,27,4
28041,28,5
28041,30,2
28041,31,1
28041,33,5
28041,34,2
28041,35,3
28041,37,2
28041,38,3
28041,39,3
28041,40,4
28041,41,5
28041,43,1
28041,50,2
28041,52,5
28042,1,1
28042,2,2
28042,3,3
28042,5,2
28042,6,3
28042,7,2
28042,8,2
28042,9,1
28042,10,1
28042,11,2
28042,12,2
28042,13,2
28042,14,1
28042,15,4
28042,16,2
28042,17,3
28042,18,3
28042,20,4
28042,21,1
28042,22,2
28042,23,3
28042,24,7
28042,25,5
28042,26,1
28042,27,1
28042,30,1
28042,31,1
28042,32,1
28042,34,1
28042,35,4
28042,38,2
28042,39,4
28042,40,2
28042,41,1
28042,42,2
28043,1,4
28043,2,6
28043,3,8
28043,4,11
28043,5,19
28043,6,8
28043,7,8
28043,8,7
28043,9,17
28043,10,9
28043,11,9
28043,12,5
28043,13,12
28043,14,13
28043,15,16
28043,16,14
28043,17,14
28043,18,17
28043,19,19
28043,20,25
28043,21,16
28043,22,9
28043,23,18
28043,24,13
28043,25,15
28043,26,7
28043,27,15
28043,28,8
28043,29,7
28043,30,9
28043,31,2
28043,32,5
28043,33,13
28043,34,24
28043,35,22
28043,36,7
28043,37,2
28043,38,15
28043,39,5
28043,40,7
28043,41,3
28043,42,5
28043,43,7
28043,44,4
28043,45,3
28043,46,12
28043,47,2
28043,48,1
28043,49,1
28043,50,6
28043,51,5
28043,52,6
28044,6,1
28044,18,1
28044,25,1
28044,26,1
28044,28,1
28044,38,1
28044,44,1
28045,1,1914
28045,2,3138
28045,3,3171
28045,4,3456
28045,5,3780
28045,6,3629
28045,7,3781
28045,8,3569
28045,9,3477
28045,10,3319
28045,11,3106
28045,12,2644
28045,13,3622
28045,14,3821
28045,15,2752
28045,16,3050
28045,17,3781
28045,18,4451
28045,19,9446
28045,20,5160
28045,21,5234
28045,22,5330
28045,23,5467
28045,24,5447
28045,25,5329
28045,26,5243
28045,27,5022
28045,28,4642
28045,29,4313
28045,30,4171
28045,31,3603
28045,32,3341
28045,33,1535
28045,34,3676
28045,35,5168
28045,36,5629
28045,37,5432
28045,38,6028
28045,39,5509
28045,40,5676
28045,41,5217
28045,42,4809
28045,43,5194
28045,44,4488
28045,45,4333
28045,46,3982
28045,47,4063
28045,48,4223
28045,49,2332
28045,50,2713
28045,51,3494
28045,52,3005
28046,1,956
28046,2,1833
28046,3,1879
28046,4,1772
28046,5,1902
28046,6,1961
28046,7,2002
28046,8,1872
28046,9,1875
28046,10,1843
28046,11,1817
28046,12,1379
28046,13,2089
28046,14,2093
28046,15,1270
28046,16,1923
28046,17,2283
28046,18,2447
28046,19,5369
28046,20,2823
28046,21,2991
28046,22,3079
28046,23,3138
28046,24,2860
28046,25,3079
28046,26,2906
28046,27,3215
28046,28,2790
28046,29,2780
28046,30,2403
28046,31,2076
28046,32,1768
28046,33,638
28046,34,1995
28046,35,2660
28046,36,2975
28046,37,3005
28046,38,3375
28046,39,3256
28046,40,3269
28046,41,2743
28046,42,2612
28046,43,3092
28046,44,2360
28046,45,2611
28046,46,2284
28046,47,2380
28046,48,2335
28046,49,957
28046,50,1706
28046,51,2086
28046,52,1471
28047,1,3
28047,2,2
28047,3,7
28047,4,9
28047,5,2
28047,6,3
28047,8,1
28047,9,1
28047,11,1
28047,12,5
28047,13,2
28047,14,3
28047,15,1
28047,18,2
28047,19,2
28047,20,4
28047,21,4
28047,22,8
28047,23,5
28047,24,6
28047,25,4
28047,26,4
28047,28,1
28047,29,3
28047,30,2
28047,32,5
28047,33,3
28047,34,8
28047,36,1
28047,37,8
28047,38,3
28047,40,2
28047,41,4
28047,42,3
28047,43,2
28047,44,1
28047,45,1
28047,46,1
28047,48,1
28047,49,2
28047,51,1
28047,52,4
28049,11,4
28049,12,1
28049,13,1
28049,15,1
28049,16,1
28049,17,1
28049,18,2
28049,19,1
28049,20,9
28049,21,7
28049,22,4
28049,23,2
28049,24,1
28049,25,2
28049,26,5
28049,27,4
28049,28,4
28049,29,2
28049,30,10
28049,31,5
28049,32,4
28049,33,3
28049,34,2
28049,35,5
28049,36,3
28049,37,4
28049,38,9
28049,39,4
28049,40,7
28049,41,7
28049,42,3
28049,43,6
28049,44,3
28049,45,6
28049,46,3
28049,47,2
28049,48,1
28049,49,3
28049,50,1
28050,1,2
28050,2,3
28050,3,2
28050,4,5
28050,5,10
28050,6,8
28050,7,8
28050,8,14
28050,9,5
28050,10,5
28050,11,10
28050,12,12
28050,13,19
28050,14,11
28050,15,8
28050,16,6
28050,17,16
28050,18,13
28050,19,8
28050,20,9
28050,21,3
28050,22,10
28050,23,8
28050,24,6
28050,25,18
28050,26,22
28050,27,20
28050,28,22
28050,29,14
28050,30,7
28050,31,6
28050,32,7
28050,33,6
28050,34,24
28050,35,29
28050,36,22
28050,37,15
28050,38,22
28050,39,20
28050,40,25
28050,41,11
28050,42,6
28050,43,9
28050,44,10
28050,45,6
28050,46,4
28050,47,10
28050,48,5
28050,49,10
28050,50,6
28050,51,16
28050,52,5
28052,22,1
28052,23,1
28052,24,1
28053,1,160
28053,2,241
28053,3,278
28053,4,275
28053,5,294
28053,6,234
28053,7,322
28053,8,266
28053,9,257
28053,10,243
28053,11,228
28053,12,176
28053,13,245
28053,14,342
28053,15,227
28053,16,243
28053,17,292
28053,18,359
28053,19,774
28053,20,361
28053,21,363
28053,22,426
28053,23,433
28053,24,412
28053,25,425
28053,26,388
28053,27,400
28053,28,388
28053,29,365
28053,30,339
28053,31,331
28053,32,307
28053,33,114
28053,34,348
28053,35,438
28053,36,579
28053,37,370
28053,38,476
28053,39,487
28053,40,430
28053,41,375
28053,42,360
28053,43,377
28053,44,332
28053,45,339
28053,46,314
28053,47,379
28053,48,356
28053,49,166
28053,50,177
28053,51,217
28053,52,257
28054,16,1
28054,19,1
28054,26,2
28054,37,1
28055,9,1
28055,10,1
28055,14,4
28055,15,1
28055,17,1
28055,18,1
28055,19,2
28055,24,1
28055,25,3
28055,26,1
28055,27,10
28055,30,1
28055,31,1
28055,32,9
28055,33,1
28055,34,1
28055,35,6
28055,37,1
28055,38,3
28055,39,6
28055,40,4
28055,41,3
28055,43,4
28055,45,4
28055,46,1
28055,47,3
28055,49,1
28108,34,2
28108,35,2
28108,44,1
